[Header],,,,,,,,
IEMFileVersion,4,,,,,,,
Investigator Name,Ally Hume,,,,,,,
Experiment Name,test1,,,,,,,
Date,01/04/2015,,,,,,,
Workflow,GenerateFASTQ,,,,,,,
Application,HiSeq FASTQ Only,,,,,,,
Assay,TruSeq HT,,,,,,,
Description,HiSeqX run,,,,,,,
Chemistry,Default,,,,,,,
,,,,,,,,
[Reads],,,,,,,,
151,,,,,,,,
151,,,,,,,,
,,,,,,,,
[Settings],,,,,,,,
ReverseComplement,0,,,,,,,
Adapter,AGATCGGAAGAGCACACGTCTGAACTCCAGTCA,,,,,,,
AdapterRead2,AGATCGGAAGAGCGTCGTGTAGGGAAAGAGTGT,,,,,,,
,,,,,,,,
[Data],,,,,,,,
Lane,Sample_ID,Sample_Name,Sample_Plate,Sample_Well,I7_Index_ID,index,Sample_Project,Description
1,705,Tumor,,,D705,ATTCAGAA,demo,
1,704,Paired_normal,,,D704,GAGATTCC,demo,
1,703,Other_normal1,,,D703,CGCTCATT,demo,
1,706,Other_normal2,,,D706,GAATTCGT,demo,
2,705,Tumor,,,D705,ATTCAGAA,demo,
2,704,Paired_normal,,,D704,GAGATTCC,demo,
2,703,Other_normal1,,,D703,CGCTCATT,demo,
2,706,Other_normal2,,,D706,GAATTCGT,demo,